title,degree,type,b_m_student,start_date,year,thesis_title
2021-bsc-thesis-141444,bsc,thesis,yes,NA,NA,Self-cleaning Preliminary Screening Mechanisms to Improve Health and Wastewater Treatment Efficiency in Low-income Countries
2021-msc-thesis-565554,msc,thesis,yes,NA,NA,Barriers to successful data management in the Global South: Case Study of Malawi
2022-phd-thesis-466263,phd,thesis,no,NA,NA,Extent and markers of open waste burning
2022-msc-sem-proj-113514,msc,sem-proj,yes,NA,NA,Energy production of Black Soldier Fly larvae: measuring the temperature increase in air induced by Black Soldier Flies throughout their larval stages
2022-phd-thesis-143566,phd,thesis,no,NA,NA,How biogas failed to light up a continent: why the most promising technology never spread across Africa
2022-phd-thesis-146612,phd,thesis,no,NA,NA,Evaluating a case of closed-loop plastic recycling in Malawi
2022-bsc-thesis-616313,bsc,thesis,yes,NA,NA,Low-cost compost screening technology to improve trash separation
2022-bsc-thesis-615422,bsc,thesis,yes,NA,NA,"Feasibility of waste maize husk valorization as a plastic plate replacement in Durban, South Africa"
2022-bsc-thesis-454415,bsc,thesis,yes,NA,NA,"The development of a recycled plastic wheel for cardboard collector trollies - improving the working conditions of informal cardboard recyclers in Durban, South Africa"
2022-msc-thesis-456211,msc,thesis,yes,NA,NA,"Suitability of the modified Bardenpho process for faecal sludge treatment in Kumasi, Ghana"
2022-msc-sem-proj-263414,msc,sem-proj,yes,NA,NA,The state of open research data publishing practices and policies in the fields of global health engineering
2022-msc-sem-proj-415216,msc,sem-proj,yes,NA,NA,Design and validation of a thermal disinfection unit for wastewater using biogas in humanitarian crisis situations
2022-msc-thesis-564164,msc,thesis,yes,NA,NA,Effect of fruit and vegetable waste in anaerobic digestion using faecal sludge as primary feedstock
2022-msc-thesis-435513,msc,thesis,yes,NA,NA,Statistical Modeling of SDG 6 Global Estimates
2022-msc-sem-proj-463655,msc,sem-proj,yes,NA,NA,Investigating the optimization potential of brick clamps in Malawi - thermal efficiency analysis and perspectives of brickmakers
2022-msc-sem-proj-441543,msc,sem-proj,yes,NA,NA,"Examination of non-recycled marine plastic litter in order to identify recycling and beneficiation pathways in Durban, South Africa"
2022-msc-thesis-121533,msc,thesis,yes,NA,NA,"Evaluating the potential Extended Producer Responsibility returns for plastic-packaging riverine waste in Durban, South Africa"
2022-bsc-thesis-314652,bsc,thesis,yes,NA,NA,"Improving market wash stations through creative and contextual design in Durban, South Africa"
2022-msc-sem-proj-546221,msc,sem-proj,yes,NA,NA,Designing a small-scale screw press for blackwater dewatering
2022-msc-sem-proj-262551,msc,sem-proj,yes,NA,NA,Humanitarian Sanitation Solution: Design and validation of a thermal disinfection unit for wastewater using biogas for humanitarian crisis situations
2022-msc-sem-proj-516521,msc,sem-proj,yes,NA,NA,"Optimization of solid waste collections in Blantyre, Malawi"
2022-msc-thesis-341414,msc,thesis,yes,NA,NA,Thermal analysis and optimization potential of clamp kilns for fired clay brick production
2022-msc-sem-proj-321454,msc,sem-proj,yes,NA,NA,"“I have just accepted it”: Hierarchies of Power and Healthcare Waste Management Practices in Blantyre, Malawi"
2022-msc-sem-proj-155353,msc,sem-proj,yes,NA,NA,Bin it - design of an AHP waste collection model for informal settlements in South Africa
2022-msc-thesis-566634,msc,thesis,yes,NA,NA,"Factors affecting the extent and impact of waste burning in Blantyre, Malawi"
2022-msc-sem-proj-211566,msc,sem-proj,yes,NA,NA,Tertiary education research: data collection on top universities of african countries
2023-staff-intern-365245,staff,intern,no,NA,NA,A sustainable alternative to traditional building materials: assessing stabilised soil blocks for performance and cost in Malawi
2023-msc-thesis-625163,msc,thesis,yes,NA,NA,Remote Monitoring System for the WaterWall
2023-msc-thesis-515651,msc,thesis,yes,NA,NA,Absorbent Hygiene Products (AHP) Waste Characterization and Collections Rationalization in South Africa
2023-bsc-thesis-555321,bsc,thesis,yes,NA,NA,Evaluation of the waste management system at the Züri Fäscht
2023-msc-sem-proj-111425,msc,sem-proj,yes,NA,NA,"Urine Collection Trolley for Informal Markets in Durban, South Africa"
2023-msc-thesis-341154,msc,thesis,yes,NA,NA,Detection of Contamination in Biowaste
2023-msc-thesis-256151,msc,thesis,yes,NA,NA,"Design of an HDPE bottle collection and pre-cleaning system for recycling in Blantyre, Malawi"
2023-msc-thesis-566423,msc,thesis,yes,NA,NA,Tipping aid for loading small trucks on waste collection tours
2023-msc-thesis-534445,msc,thesis,yes,NA,NA,Optimization of Calcium Hydroxide and Calcium Phosphate flows in the Autarky Nutrient Harvester
2023-staff-scientific-assistant-512651,staff,scientific-assistant,no,NA,NA,NA
2023-msc-thesis-351554,msc,thesis,yes,NA,NA,withdrawn
2023-staff-intern-111146,staff,intern,no,NA,NA,NA
2023-bsc-thesis-443226,bsc,thesis,yes,NA,NA,Experimental Optimization of a Peristaltic Pump Design for Pit-Emptying
2023-bsc-thesis-353526,bsc,thesis,yes,NA,NA,Designing a manual press for blackwater dewatering
2023-bsc-thesis-645462,bsc,thesis,yes,NA,NA,Microcontroller Based Particulate Matter Monitors Utilising the Alphasense OPC-N3
2023-msc-thesis-463134,msc,thesis,yes,NA,NA,"Construction of a Glass Crusher and Evaluation of Waste Valorization Pathways for Cape Maclear, Malawi"
2023-msc-thesis-461522,msc,thesis,yes,NA,NA,"Development of a Low-Cost Incinerator in Cape Maclear, Malawi"
2023-msc-thesis-444115,msc,thesis,yes,NA,NA,Improving Ergonomics and Communication for the Sewer Workers of Zürich
2023-msc-sem-proj-553346,msc,sem-proj,yes,NA,NA,"Particulate Matter, Health and Spaces of Risk within African Urban Areas: A Narrative Review of Literature"
2023-msc-sem-proj-522612,msc,sem-proj,yes,NA,NA,Informal Waste Pickers and Non-Motorised Transport: A Narrative Review of Literature
2023-staff-post-doc-166133,staff,post-doc,no,NA,NA,NA
2023-msc-thesis-532416,msc,thesis,yes,NA,NA,The Establishment of an Absorbent Hygiene Product Waste Collection System in Two Informal Settlements in South Africa
2023-msc-thesis-466523,msc,thesis,yes,NA,NA,"Willingness to Pay and Economic Feasibility for Waste Collection in Chembe, Malawi"
2023-msc-thesis-432213,msc,thesis,yes,NA,NA,"Waste Characterisation and Quantification in Chembe, Malawi"
2023-msc-thesis-545321,msc,thesis,yes,NA,NA,"Waste Logistics and Transport Modelling in Cape Maclear, Malawi"
2023-msc-thesis-546612,msc,thesis,yes,NA,NA,Impact of a Social Transfer Intervention on Barriers to Exclusive Breastfeeding in Lao PDR
2023-staff-intern-133241,staff,intern,no,NA,NA,NA
2024-staff-intern-465145,staff,intern,no,NA,NA,NA
2024-bsc-thesis-625412,bsc,thesis,yes,NA,NA,"Off-Grid Trash Screen Design for a Fecal Sludge Treatment Plant in Blantyre, Malawi"
2024-msc-sem-proj-616441,msc,sem-proj,yes,NA,NA,Adapting open-source turbidity sensor for enhanced dewatering of blackwater
2024-bsc-thesis-652443,bsc,thesis,yes,NA,NA,"Optimization of waste skip placement in Blantyre, Malawi"
NA,msc,thesis,yes,NA,NA,Machine vision for river waste identification in South Africa
2024-bsc-thesis-523145,bsc,thesis,yes,NA,NA,Hand Compactor Design for Informal Cardboard Recycling
2024-msc-sem-proj-661656,msc,sem-proj,yes,NA,NA,Guidelines for Low-Cost Incineration Systems
2024-staff-intern-626331,staff,intern,no,NA,NA,NA
2024-bsc-thesis-516631,bsc,thesis,yes,NA,NA,"Innovative Mask Design for Air Pollution Impact Mitigation in Blantyre, Malawi: A Particle Size Distribution Approach"
2024-bsc-thesis-665454,bsc,thesis,yes,NA,NA,Development of a Monitoring Device for Improved Cookstoves
2024-bsc-thesis-422125,bsc,thesis,yes,NA,NA,Developing a Methane Sensor for Biogas reactors in Malawi
2024-msc-sem-proj-566626,msc,sem-proj,yes,NA,NA,Testing the accuracy of the smart biogas measurement device
2024-msc-sem-proj-244643,msc,sem-proj,yes,NA,NA,Volumetric flow meter development for household scale biogas reactors
2024-msc-sem-proj-126461,msc,sem-proj,yes,NA,NA,Logging and transmitting remote data from cookstove and biogas sensors in Malawi
2024-msc-thesis-362265,msc,thesis,yes,NA,NA,"Establishing the HDPE recycling process in Blantyre, Malawi"
2024-msc-thesis-532435,msc,thesis,yes,NA,NA,Sludge pasteurization with solar water heaters
2024-msc-thesis-365134,msc,thesis,yes,NA,NA,Advancing Sustainable Water Filtration: Enhancing Efficiency and Exploring New Adaptations
2024-bsc-thesis-624165,bsc,thesis,yes,NA,NA,Design of a Biogas powered effluent pasteurizer
2024-msc-thesis-221261,msc,thesis,yes,NA,NA,Modelling and Optimization of an Evaportator-dehumidifier unit
2024-msc-thesis-461264,msc,thesis,yes,NA,NA,Exploratory analysis of the booking system in Kampala
2024-msc-sem-proj-665422,msc,sem-proj,yes,NA,NA,Design optimisation of a mixing reactor for close to source urine stabilisation
2024-phd-thesis-145556,phd,thesis,no,NA,NA,Potential for faecal sludge treatment with mycellium
2024-staff-hiwi-551256,staff,hiwi,no,NA,NA,NA
2024-staff-hiwi-515363,staff,hiwi,no,NA,NA,NA
2024-staff-scientific-assistant-534661,staff,scientific-assistant,no,NA,NA,NA
2024-msc-sem-proj-125616,msc,sem-proj,yes,NA,NA,"Casing design, manufacturing and testing for in-situ biogas monitoring"
2024-msc-thesis-251646,msc,thesis,yes,NA,NA,Testing and Improving Plastic Wool Extrusion System
2024-msc-thesis-624636,msc,thesis,yes,NA,NA,Biogas sensor development: from prototyping to production
2024-bsc-thesis-616113,bsc,thesis,yes,NA,NA,Exploring Injection Molding for the Development of a Sensor Casings in Biogas Monitoring System
2024-msc-thesis-125114,msc,thesis,yes,NA,NA,Improving the solar sludge pasteurization technology
2024-msc-thesis-524454,msc,thesis,yes,NA,NA,"Air quality monitoring from open waste burning and incinerator burning in Cape Maclear, Malawi"
2024-msc-thesis-315513,msc,thesis,yes,NA,NA,Model and visualization of recyclable material collection network
2024-msc-sem-proj-362516,msc,sem-proj,yes,NA,NA,Examination of the potential for recycling of absorbent hygiene product waste in South Africa
2024-msc-sem-proj-436246,msc,sem-proj,yes,NA,NA,Life Cycle Analysis of biogas digesters
2024-msc-thesis-321251,msc,thesis,yes,NA,NA,Drip irrigation feasibility study for Cape Maclear
2024-msc-sem-proj-124255,msc,sem-proj,yes,NA,NA,Literature Review on Feasibility of Manufacturing Low-cost Black Carbon Monitors
2024-bsc-thesis-225662,bsc,thesis,yes,NA,NA,Monitoring of improved cookstoves: from prototyping to small batch manufacturing
2024-bsc-thesis-434332,bsc,thesis,yes,NA,NA,Effluent flow meter
2024-msc-thesis-311256,msc,thesis,yes,NA,NA,"Collaborative toilet design, manufacturing, and testing"
2024-msc-thesis-131441,msc,thesis,yes,NA,NA,Estimating uncertainty in past biogas offsett projects and methodologies
2024-msc-sem-proj-525332,msc,sem-proj,yes,NA,NA,Analysis of PLA-based Membranes Undergoing Mechanical Processing
2024-msc-thesis-246322,msc,thesis,yes,NA,NA,Feasibility Study of Modular Water Filters
2024-msc-sem-proj-354425,msc,sem-proj,yes,NA,NA,Impact of Hydrogen Sulfide on Biogas Burning and Removal Evaluation
2024-staff-hiwi-154321,staff,hiwi,no,NA,NA,NA
2025-msc-case-study-222425,msc,case-study,yes,NA,NA,The role of language and its implications on extending colonialism and hindering cross-cultural cooperation.
2025-msc-thesis-525162,msc,thesis,yes,NA,NA,Development and Testing of a Bidirectional Charger for Heath Facility Energy Provision
2025-msc-thesis-322163,msc,thesis,yes,NA,NA,Development of a preference elicitation framework for health providers’ energy preferences and finding optimal critical load sets
2025-msc-thesis-525566,msc,thesis,yes,NA,NA,Development of a Low-Cost Multiple-Wavelength Black Carbon Monitor
2025-bsc-thesis-144643,bsc,thesis,yes,NA,NA,Repeatible Fecal Sludge Spreading on Petri Dishes
2025-bsc-thesis-224115,bsc,thesis,yes,NA,NA,Advancements for Menstrual blood Management in reduced gravITY (AMMITY)
2025-msc-sem-proj-432451,msc,sem-proj,yes,NA,NA,Review of Low-cost Plastic Separation Technologies
2025-msc-sem-proj-165636,msc,sem-proj,yes,NA,NA,CFD for biogas burner
2025-msc-thesis-644261,msc,thesis,yes,NA,NA,"So Long, Sharp Glass"
2025-msc-thesis-521625,msc,thesis,yes,NA,NA,Development and Testing of New Control Schemes for an Electrical Load Cabinet for Small Health Posts
2025-msc-thesis-225161,msc,thesis,yes,NA,NA,Remote communications infrastructure for an off-grid energy system
2025-msc-thesis-415432,msc,thesis,yes,NA,NA,Business Plan Development for Waste Management System in Cape Maclear
2025-bsc-thesis-531316,bsc,thesis,yes,NA,NA,Flow rate monitor for pediatric intravenous fluid delivery in humanitarian settings
2025-mob-student-235213,mob,student,no,NA,NA,Guidline to Injection Molding
2025-msc-sem-proj-632161,msc,sem-proj,yes,NA,NA,Smart biogas sensor testing
2025-staff-intern-413534,staff,intern,no,NA,NA,NA
2025-staff-scientific-assistant-323134,staff,scientific-assistant,no,NA,NA,NA
2025-bsc-thesis-335155,bsc,thesis,yes,NA,NA,RFID solution for e-bike charging in Nairobi
2025-msc-thesis-233552,msc,thesis,yes,NA,NA,Black soldier fly larvae counting: hardware & software development
2025-msc-thesis-531634,msc,thesis,yes,NA,NA,Dataset Creation on the Energy Characteristics of Healthcare Appointments
2025-staff-intern-563116,staff,intern,no,NA,NA,Software development for remote sensors and data logging to cloud
2025-msc-thesis-336642,msc,thesis,yes,NA,NA,Sludge pasteurization with solar water heaters - system optimization
2025-msc-case-study-362422,msc,case-study,yes,NA,NA,Indigenous food production in Puerto Rico
2025-msc-thesis-116231,msc,thesis,yes,NA,NA,"Design, Numerical Optimization and Implementation of a Sludge Pasteurization System"
2025-msc-thesis-322235,msc,thesis,yes,NA,NA,Cleaning Plastic for Recycling
2025-phd-thesis-515255,phd,thesis,no,NA,NA,Treatment of Biogas effluent
2025-staff-scientific-assistant-134361,staff,scientific-assistant,no,NA,NA,NA
2025-msc-sem-proj-254435,msc,sem-proj,yes,NA,NA,Life Cycle Assessment of the biogas monitoring technologies
2025-msc-thesis-162131,msc,thesis,yes,NA,NA,Plastic sorting in Blantyre
2025-staff-scientific-assistant-122665,staff,scientific-assistant,no,NA,NA,NA
2025-msc-thesis-445136,msc,thesis,yes,NA,NA,Medical device database for Malawi’s healthcare facilities
2025-msc-thesis-453552,msc,thesis,yes,NA,NA,Power quality and reliability database of Malawi’s healthcare facilities
2025-staff-scientific-assistant-225343,staff,scientific-assistant,no,NA,NA,NA
2025-staff-scientific-assistant-554324,staff,scientific-assistant,no,NA,NA,NA
2025-msc-thesis-164543,msc,thesis,yes,NA,NA,Gas and liquid flow measurements and control with ultrasound
2025-staff-scientific-assistant-161565,staff,scientific-assistant,no,NA,NA,NA
2025-bsc-thesis-512155,bsc,thesis,yes,NA,NA,Automatic Paper Tape Feeder for Open Source Black Carbon Monitoring
2025-bsc-thesis-266112,bsc,thesis,yes,NA,NA,IV drip monitor v2
2025-bsc-thesis-544646,bsc,thesis,yes,NA,NA,Tool for siphon pipe removal in sewers
2025-bsc-thesis-356661,bsc,thesis,yes,NA,NA,Precision seeder and fertilizer dispenser (post-PDED)
2025-bsc-thesis-514134,bsc,thesis,yes,NA,NA,Multichambered Toilet System
2025-bsc-thesis-166131,bsc,thesis,yes,NA,NA,Estimating errors of biogas carbon offsetting calculations from different methodologies
2025-bsc-thesis-314142,bsc,thesis,yes,NA,NA,Handwashing device for low-ressoruce settings
2025-msc-sem-proj-212116,msc,sem-proj,yes,NA,NA,Water Vapor Extraction
2025-msc-sem-proj-143563,msc,sem-proj,yes,NA,NA,"Design, Construction, and Testing of a Solar Thermal Concentrator for Biogas Effluent Pasteurization"
2025-msc-sem-proj-316311,msc,sem-proj,yes,NA,NA,Menstrual cup for space applications - silicon manufacturing
2025-msc-sem-proj-112416,msc,sem-proj,yes,NA,NA,"Development of a high-precision, high-throughput reagent dispensing system compatible with a rapid PCR testing machine"
2025-msc-thesis-522216,msc,thesis,yes,NA,NA,Control system for solar pasteurizer
2025-msc-thesis-546443,msc,thesis,yes,NA,NA,"Waste Logistics in Cape Maclear, Malawi"
2025-bsc-thesis-531332,bsc,thesis,yes,NA,NA,Automated Data Cleaning Tool
2025-msc-sem-proj-245413,msc,sem-proj,yes,NA,NA,Testing and improving the open-source plastic scanner
2025-msc-thesis-333526,msc,thesis,yes,NA,NA,Biogas-powered pasteurizer construction in Mzuzu
2025-msc-sem-proj-632542,msc,sem-proj,yes,NA,NA,Incinerator operation in Blantyre
2025-bsc-thesis-632545,bsc,thesis,yes,NA,NA,Precision seeder and fertilizer dispenser (post-PDED)
2025-msc-sem-proj-621526,msc,sem-proj,yes,NA,NA,Water Filter Configuration
2025-msc-thesis-633533,msc,thesis,yes,NA,NA,Pay to Go Charger for eWAKA
2025-bsc-thesis-544115,bsc,thesis,yes,NA,NA,Energy in North Macedonia
2026-msc-thesis-,msc,thesis,yes,NA,NA,Water point rehabilitation in Cape Maclear
2026-msc-thesis-365433,msc,thesis,yes,NA,NA,Biogas-powered gas turbine for electricity generation
2026-msc-sem-proj-665325,msc,sem-proj,yes,2026-03-30,2026,Tipping bucket V2
2026-msc-sem-proj-626425,msc,sem-proj,yes,NA,NA,Origami fencing
2026-phd-thesis-252356,phd,thesis,no,NA,NA,NA
2026-bsc-thesis-524426,bsc,thesis,yes,NA,NA,3D printed device for microbial water quality testing
2026-bsc-thesis-644313,bsc,thesis,yes,NA,NA,Mixing and portioning device for mushroom substrate
2026-bsc-thesis-135665,bsc,thesis,yes,NA,NA,UDDT adapter for mixing faeces and lignocellulose
2026-msc-sem-proj-136546,msc,sem-proj,yes,NA,NA,Black carbon monitor prototyping
2026-msc-sem-proj-353422,msc,sem-proj,yes,NA,NA,Pasteurizer for small scale mushroom farms
2026-msc-sem-proj-255125,msc,sem-proj,yes,NA,NA,Organic market waste shredder for biogas system in Mzuzu
2026-bsc-thesis-356435,bsc,thesis,yes,NA,NA,Improvement of heated composter barrel
2026-msc-thesis-144435,msc,thesis,yes,NA,NA,Menstrual cup for space applications - prototyping and industrialization
2026-msc-thesis-464465,msc,thesis,yes,NA,NA,Plastic scanner
2026-msc-sem-proj-235415,msc,sem-proj,yes,NA,NA,Solar thermal concentrator
2026-msc-sem-proj-542534,msc,sem-proj,yes,NA,NA,IV drip monitor V3
2026-msc-sem-proj-521516,msc,sem-proj,yes,NA,NA,Closed calibration loop for biogas sensors
2026-msc-sem-proj-432515,msc,sem-proj,yes,NA,NA,NA
2026-bsc-thesis-541166,bsc,thesis,yes,NA,NA,Automatic print failure detection with machine vision on Prusa XL printer
2026-bsc-thesis-662223,bsc,thesis,yes,NA,NA,H2S monitor
2026-bsc-thesis-622154,bsc,thesis,yes,NA,NA,Developement of modular dMRV platform
2026-msc-sem-proj-523344,msc,sem-proj,yes,NA,NA,Static Faecal Waste Fermenter
2026-staff-scientific-assistant-224166,staff,scientific-assistant,no,NA,NA,NA
2026-staff-scientific-assistant-135565,staff,scientific-assistant,no,NA,NA,NA
2026-staff-scientific-assistant-351216,staff,scientific-assistant,no,NA,NA,NA
2026-phd-thesis-335314,phd,thesis,no,NA,NA,NA
2026-msc-sem-proj-443663,msc,sem-proj,yes,NA,NA,Modified air filter
2026-bsc-thesis-213322,bsc,thesis,yes,NA,NA,Low-cost air quality sensor
2026-msc-thesis-314546,msc,thesis,yes,NA,NA,Aerosol Black Carbon Device Project
2026-bsc-thesis-524322,bsc,thesis,yes,NA,NA,Low-cost passive air quality sensor
2026-msc-thesis-136454,msc,thesis,yes,NA,NA,biogas-powered pasteurizer
2026-staff-senior-scientist-124523,staff,senior-scientist,no,NA,NA,NA
